<MigrationProcessCSVMetadataVO>
   <MigrationProcessCSVMetadataVORow>
      <ProcessId>-999</ProcessId>
      <ProcessName>Manage E-Mail Filters_20240122_103657_821</ProcessName>
      <ProcessDescription>Manage E-Mail Filters_20240122_103657_821</ProcessDescription>
      <ProcessDate>2024-01-22 22:37:38.56</ProcessDate>
      <ObjectShortName>ORA_SVC_MANAGE_EMAIL_FILTERS</ObjectShortName>
      <ObjectType>TASK</ObjectType>
      <CreatedByFlow>TASK_CSV_SERVICE</CreatedByFlow>
      <MigrationProcessBusinessObjectCSVMetadata1>
         <MigrationProcessBusinessObjectCSVMetadataVORow>
            <ProcessId>-999</ProcessId>
            <BusinessObjectShortName>ORA_SVC_INBOUND_MSG_FILTER</BusinessObjectShortName>
            <BatchName null="true"/>
            <XmlAttributeList>FilterTypeCd,FieldName,Pattern,OrderNumber,Description,CustomFilterFlag,DeletedFlag,ClientApplicationName,CreatedBy,LastUpdatedBy,LastUpdateLogin,ActionCd,UpdateFlag,DeleteFlag,ActionCdMeaning,FilterTypeCdMeaning</XmlAttributeList>
            <XmlAttributeTypeList>string,string,string,long,string,string,string,string,string,string,string,string,boolean,boolean,string,string</XmlAttributeTypeList>
            <XmlNodePath>/InboundMsgFiltersVO/InboundMsgFiltersVORow</XmlNodePath>
            <NodeSequence>1</NodeSequence>
         </MigrationProcessBusinessObjectCSVMetadataVORow>
      </MigrationProcessBusinessObjectCSVMetadata1>
      <MigrationProcessBatchCSVMetadata null="true"/>
      <MigrationProcessScopeValueCSVMetadata null="true"/>
      <MigrationProcessMigrationObjectCSVMetadata>
         <MigrationProcessMigrationObjectCSVMetadataVORow>
            <ProcessId>-999</ProcessId>
            <BusinessObjectShortName>ORA_SVC_INBOUND_MSG_FILTER</BusinessObjectShortName>
            <MigrateFlag>Y</MigrateFlag>
            <IncludeExternalDataFlag>Y</IncludeExternalDataFlag>
         </MigrationProcessMigrationObjectCSVMetadataVORow>
      </MigrationProcessMigrationObjectCSVMetadata>
      <MigrationProcessTaskCSVMetadata null="true"/>
      <MigrationProcessServiceVersionCSVMetadata null="true"/>
   </MigrationProcessCSVMetadataVORow>
</MigrationProcessCSVMetadataVO>