<MigrationProcessCSVMetadataVO>
   <MigrationProcessCSVMetadataVORow>
      <ProcessId>-999</ProcessId>
      <ProcessName>Manage Email Profile Options_20240122_084302_031</ProcessName>
      <ProcessDescription>Manage Email Profile Options_20240122_084302_031</ProcessDescription>
      <ProcessDate>2024-01-22 20:46:13.253</ProcessDate>
      <ObjectShortName>ORA_MANAGE_EMAIL_PROFILE_OPTIONS</ObjectShortName>
      <ObjectType>TASK</ObjectType>
      <CreatedByFlow>TASK_CSV_SERVICE</CreatedByFlow>
      <MigrationProcessBusinessObjectCSVMetadata1>
         <MigrationProcessBusinessObjectCSVMetadataVORow>
            <ProcessId>-999</ProcessId>
            <BusinessObjectShortName>FND_APP_PROFILE_VALUE</BusinessObjectShortName>
            <BatchName>c470cb55-afc7-4aab-b498-8fb2e7bdfa5e/FND_APP_PROFILE_OPTION/ProfileOptionLoader</BatchName>
            <XmlAttributeList>LevelName,LevelValue,ProfileOptionValue,CreationDate,CreatedBy,LastUpdateDate,LastUpdatedBy,LastUpdateLogin</XmlAttributeList>
            <XmlAttributeTypeList>string,string,string,dateTime,string,dateTime,string,string</XmlAttributeTypeList>
            <XmlNodePath>/ProfileOptionLoaderVO/ProfileOptionLoaderVORow/ProfileOptionValueLoaderVO/ProfileOptionValueLoaderVORow</XmlNodePath>
            <NodeSequence>3</NodeSequence>
         </MigrationProcessBusinessObjectCSVMetadataVORow>
         <MigrationProcessBusinessObjectCSVMetadataVORow>
            <ProcessId>-999</ProcessId>
            <BusinessObjectShortName>ORA_FND_APP_PROFILE_OPTION_LEVEL</BusinessObjectShortName>
            <BatchName>c470cb55-afc7-4aab-b498-8fb2e7bdfa5e/FND_APP_PROFILE_OPTION/ProfileOptionLoader</BatchName>
            <XmlAttributeList>LevelName,UpdateableFlag,EnabledFlag,CreationDate,CreatedBy,LastUpdateDate,LastUpdatedBy,LastUpdateLogin</XmlAttributeList>
            <XmlAttributeTypeList>string,string,string,dateTime,string,dateTime,string,string</XmlAttributeTypeList>
            <XmlNodePath>/ProfileOptionLoaderVO/ProfileOptionLoaderVORow/ProfileOptionLevelLoaderVO/ProfileOptionLevelLoaderVORow</XmlNodePath>
            <NodeSequence>2</NodeSequence>
         </MigrationProcessBusinessObjectCSVMetadataVORow>
         <MigrationProcessBusinessObjectCSVMetadataVORow>
            <ProcessId>-999</ProcessId>
            <BusinessObjectShortName>FND_APP_PROFILE_OPTION</BusinessObjectShortName>
            <BatchName>c470cb55-afc7-4aab-b498-8fb2e7bdfa5e/FND_APP_PROFILE_OPTION/ProfileOptionLoader</BatchName>
            <XmlAttributeList>ProfileOptionName,ApplicationId,ModuleId,Description,SqlValidation,StartDateActive,EndDateActive,UserProfileOptionName,CreationDate,CreatedBy,LastUpdateDate,LastUpdatedBy,LastUpdateLogin</XmlAttributeList>
            <XmlAttributeTypeList>string,long,string,string,string,date,date,string,dateTime,string,dateTime,string,string</XmlAttributeTypeList>
            <XmlNodePath>/ProfileOptionLoaderVO/ProfileOptionLoaderVORow</XmlNodePath>
            <NodeSequence>1</NodeSequence>
         </MigrationProcessBusinessObjectCSVMetadataVORow>
      </MigrationProcessBusinessObjectCSVMetadata1>
      <MigrationProcessBatchCSVMetadata>
         <MigrationProcessBatchCSVMetadataVORow>
            <ProcessId>-999</ProcessId>
            <BatchName>c470cb55-afc7-4aab-b498-8fb2e7bdfa5e/FND_APP_PROFILE_OPTION/ProfileOptionLoader</BatchName>
            <ImportSequence>0</ImportSequence>
            <ServiceName>oracle.apps.fnd.applcore.profiles.webservice.ProfileWS</ServiceName>
            <BatchSize>500</BatchSize>
         </MigrationProcessBatchCSVMetadataVORow>
      </MigrationProcessBatchCSVMetadata>
      <MigrationProcessScopeValueCSVMetadata>
         <MigrationProcessScopeValueCSVMetadataVORow>
            <ProcessId>-999</ProcessId>
            <MigScopeValueSetId>100001710438822</MigScopeValueSetId>
            <BusinessObjectShortName>FND_APP_PROFILE_OPTION</BusinessObjectShortName>
            <ScopeValueBoAttributeId>productName</ScopeValueBoAttributeId>
            <ScopeValueBoAttributeValue>Email</ScopeValueBoAttributeValue>
            <ScopeValueBoAttributeValueCode>Email</ScopeValueBoAttributeValueCode>
         </MigrationProcessScopeValueCSVMetadataVORow>
      </MigrationProcessScopeValueCSVMetadata>
      <MigrationProcessMigrationObjectCSVMetadata>
         <MigrationProcessMigrationObjectCSVMetadataVORow>
            <ProcessId>-999</ProcessId>
            <BusinessObjectShortName>FND_APP_PROFILE_OPTION</BusinessObjectShortName>
            <MigrateFlag>Y</MigrateFlag>
            <IncludeExternalDataFlag>Y</IncludeExternalDataFlag>
         </MigrationProcessMigrationObjectCSVMetadataVORow>
      </MigrationProcessMigrationObjectCSVMetadata>
      <MigrationProcessTaskCSVMetadata null="true"/>
      <MigrationProcessServiceVersionCSVMetadata null="true"/>
   </MigrationProcessCSVMetadataVORow>
</MigrationProcessCSVMetadataVO>