<MigrationProcessCSVMetadataVO>
   <MigrationProcessCSVMetadataVORow>
      <ProcessId>-999</ProcessId>
      <ProcessName>Manage Service Product Group Usage for Business Unit_20240122_083735_248</ProcessName>
      <ProcessDescription>Manage Service Product Group Usage for Business Unit_20240122_083735_248</ProcessDescription>
      <ProcessDate>2024-01-22 20:38:18.779</ProcessDate>
      <ObjectShortName>ORA_SVC_PRODUCT_GROUP_USAGE_FOR_BU</ObjectShortName>
      <ObjectType>TASK</ObjectType>
      <CreatedByFlow>TASK_CSV_SERVICE</CreatedByFlow>
      <MigrationProcessBusinessObjectCSVMetadata1>
         <MigrationProcessBusinessObjectCSVMetadataVORow>
            <ProcessId>-999</ProcessId>
            <BusinessObjectShortName>ORA_SVC_PROFILE_VALUES_FOR_BU</BusinessObjectShortName>
            <BatchName null="true"/>
            <XmlAttributeList>BUOrgId,BusinessUnitName,BusinessUnitStatus,ProfileOptionCode,ProfileDisplayName,ProfileDescription,SiteProfileOptionValue,UseSiteValueFlag,ProfileOptionValue,OptionShortName,CreatedBy,LastUpdateLogin,LastUpdatedBy,EnterpriseId,ProfileOptionNameFK,ApplicationId,ProfileOptionId,ApplicationIdFK,ProfileOptionIdFK,LevelName,LevelValue</XmlAttributeList>
            <XmlAttributeTypeList>long,string,string,string,string,string,string,string,string,string,string,string,string,long,string,long,long,long,long,string,string</XmlAttributeTypeList>
            <XmlNodePath>/BusUnitProfileValueVO/BusUnitProfileValueVORow</XmlNodePath>
            <NodeSequence>1</NodeSequence>
         </MigrationProcessBusinessObjectCSVMetadataVORow>
      </MigrationProcessBusinessObjectCSVMetadata1>
      <MigrationProcessBatchCSVMetadata null="true"/>
      <MigrationProcessScopeValueCSVMetadata>
         <MigrationProcessScopeValueCSVMetadataVORow>
            <ProcessId>-999</ProcessId>
            <MigScopeValueSetId>100001710438755</MigScopeValueSetId>
            <BusinessObjectShortName>ORA_SVC_PROFILE_VALUES_FOR_BU</BusinessObjectShortName>
            <ScopeValueBoAttributeId>title</ScopeValueBoAttributeId>
            <ScopeValueBoAttributeValue>Header.ManageCRMProductCatalogUsageforBusinessU</ScopeValueBoAttributeValue>
            <ScopeValueBoAttributeValueCode>Header.ManageCRMProductCatalogUsageforBusinessU</ScopeValueBoAttributeValueCode>
         </MigrationProcessScopeValueCSVMetadataVORow>
         <MigrationProcessScopeValueCSVMetadataVORow>
            <ProcessId>-999</ProcessId>
            <MigScopeValueSetId>100001710438755</MigScopeValueSetId>
            <BusinessObjectShortName>ORA_SVC_PROFILE_VALUES_FOR_BU</BusinessObjectShortName>
            <ScopeValueBoAttributeId>profileList</ScopeValueBoAttributeId>
            <ScopeValueBoAttributeValue>SVC_PROD_CATALOG_USAGE</ScopeValueBoAttributeValue>
            <ScopeValueBoAttributeValueCode>SVC_PROD_CATALOG_USAGE</ScopeValueBoAttributeValueCode>
         </MigrationProcessScopeValueCSVMetadataVORow>
      </MigrationProcessScopeValueCSVMetadata>
      <MigrationProcessMigrationObjectCSVMetadata>
         <MigrationProcessMigrationObjectCSVMetadataVORow>
            <ProcessId>-999</ProcessId>
            <BusinessObjectShortName>ORA_SVC_PROFILE_VALUES_FOR_BU</BusinessObjectShortName>
            <MigrateFlag>Y</MigrateFlag>
            <IncludeExternalDataFlag>Y</IncludeExternalDataFlag>
         </MigrationProcessMigrationObjectCSVMetadataVORow>
      </MigrationProcessMigrationObjectCSVMetadata>
      <MigrationProcessTaskCSVMetadata null="true"/>
      <MigrationProcessServiceVersionCSVMetadata null="true"/>
   </MigrationProcessCSVMetadataVORow>
</MigrationProcessCSVMetadataVO>