"OptionShortName","BUOrgId","BusinessUnitName","BusinessUnitStatus","ProfileOptionCode","ProfileDisplayName","ProfileDescription","SiteProfileOptionValue","UseSiteValueFlag","ProfileOptionValue","CreatedBy","LastUpdateLogin","LastUpdatedBy","EnterpriseId","ProfileOptionNameFK","ApplicationId","ProfileOptionId","ApplicationIdFK","ProfileOptionIdFK","LevelName","LevelValue"
"e04d1c32-a3d2-4859-996d-f3da89d42770","300000046987012","US1 Business Unit","A","SVC_PROD_CATALOG_USAGE","Service Application Product Catalog Usage","The Product Catalog to be used in the Service Application.","SERVICE","N","VISIONSERVICE","JOHN.DUNBAR","83D05E4626D3018AE053C390DF0A258C","JOHN.DUNBAR","1","SVC_PROD_CATALOG_USAGE","10516","300000138152872","10516","300000138152872","SITE","SITE"
"4708a4bc-2103-4c14-9031-7d5bfd8818f7","300000046987012","US1 Business Unit","A","SVC_SR_RESPONSE_TEMPLATE_NAME","Service Request Response Message E-Mail Template","Specify the e-mail template for Service Request Response messages.","","Y","","JOHN.DUNBAR","BBF139BD44A5009CE0539E90DF0A8F74","JOHN.DUNBAR","1","SVC_SR_RESPONSE_TEMPLATE_NAME","10516","300000138152900","10516","300000138152900","SITE","SITE"
"12d717ab-e505-4a12-a090-54e0d76a6ec3","300000046987012","US1 Business Unit","A","SVC_SR_FORWARD_TEMPLATE_NAME","Service Request Forward Message E-Mail Template","Specify the e-mail template for Service Request Forward messages.","","Y","","JOHN.DUNBAR","BBF139BD44A5009CE0539E90DF0A8F74","JOHN.DUNBAR","1","SVC_SR_FORWARD_TEMPLATE_NAME","10516","300000138152888","10516","300000138152888","SITE","SITE"
"5b8477a3-bbe4-412f-879f-3f204aa806ef","300000046987012","US1 Business Unit","A","SVC_SR_SYSTEM_RESPONSE_TEMPLATE_NAME","Service Request System Response Message E-Mail Template","Specify the e-mail template for Service Request System Response messages.","","Y","","JOHN.DUNBAR","BBF139BD44A5009CE0539E90DF0A8F74","JOHN.DUNBAR","1","SVC_SR_SYSTEM_RESPONSE_TEMPLATE_NAME","10516","300000151617648","10516","300000151617648","SITE","SITE"
"fe2e6c30-aa93-4b99-9fe8-b5880a06b1fb","300000046987012","US1 Business Unit","A","SVC_HCM_PROD_CATALOG_USAGE","Service Application HCM Product Catalog Usage","The HCM Product Catalog to be used in the Service Application.","HRHELPDESK","Y","","JOHN.DUNBAR","8396DD1493F54D98E053C390DF0AF48C","JOHN.DUNBAR","1","SVC_HCM_PROD_CATALOG_USAGE","10516","300000151617600","10516","300000151617600","SITE","SITE"
"6bb36254-5635-447b-aeec-fcf920f17861","300000180010546","Supremo US Business Unit","A","SVC_PROD_CATALOG_USAGE","Service Application Product Catalog Usage","The Product Catalog to be used in the Service Application.","SERVICE","N","SUPREMOSERVICE","john.martin","83D05E4626D3018AE053C390DF0A258C","JOHN.DUNBAR","1","SVC_PROD_CATALOG_USAGE","10516","300000138152872","10516","300000138152872","SITE","SITE"
"95d69fec-a28f-4f3f-b3b4-90a681bb7823","300000180010546","Supremo US Business Unit","A","SVC_OUTBOUND_EMAIL_FROM","Service Application From Address for outbound e-mail","Specify the ""from address"" that should be used for outbound e-mail communications. This address will be used for acknowledgment e-mails, responses and e-mail forwards.","infusion-noreply@oraclepdemos.com","Y","","john.martin","82C1E45AFC4049A9E053C390DF0A42CA","john.martin","1","SVC_OUTBOUND_EMAIL_FROM","10516","300000167789020","10516","300000167789020","SITE","SITE"
"b70e64ba-b4d8-42ad-a0b4-1d10ac0db0d4","300000046987012","US1 Business Unit","A","SVC_SR_DEFAULT_SEVERITY_CD","SEVERITY_CD default value","The out of box default severity code for a new service request","ORA_SVC_SEV3","Y","","john.martin","852AD2E70E85FA47E053C390DF0AB665","john.martin","1","SVC_SR_DEFAULT_SEVERITY_CD","10516","300000138152878","10516","300000138152878","SITE","SITE"
"0e6ca625-d41e-4ee2-89f8-d5a33905cdd6","300000180010546","Supremo US Business Unit","A","SVC_SR_RESPONSE_TEMPLATE_NAME_HRD","Service Request Response Message E-Mail HRD Template","Specify the e-mail template for Service Request Response messages.","","Y","","JOHN.DUNBAR","83D05E4626D3018AE053C390DF0A258C","JOHN.DUNBAR","1","SVC_SR_RESPONSE_TEMPLATE_NAME_HRD","10516","300000151617646","10516","300000151617646","SITE","SITE"
"55d2caef-c3ef-4e31-9c95-2ee57e3fd249","300000180010546","Supremo US Business Unit","A","SVC_SR_FORWARD_TEMPLATE_NAME_HRD","Service Request Forward Message E-Mail HRD Template","Specify the e-mail template for Service Request Forward messages.","","Y","","JOHN.DUNBAR","83D05E4626D3018AE053C390DF0A258C","JOHN.DUNBAR","1","SVC_SR_FORWARD_TEMPLATE_NAME_HRD","10516","300000151617644","10516","300000151617644","SITE","SITE"
"eb774526-c573-408a-9f1a-44318a709ffe","300000180010546","Supremo US Business Unit","A","SVC_SR_SYSTEM_RESPONSE_TEMPLATE_NAME_HRD","Service Request System Response Message E-Mail HRD Template","Specify the e-mail template for Service Request System Response messages.","","Y","","JOHN.DUNBAR","83D05E4626D3018AE053C390DF0A258C","JOHN.DUNBAR","1","SVC_SR_SYSTEM_RESPONSE_TEMPLATE_NAME_HRD","10516","300000151617650","10516","300000151617650","SITE","SITE"
"83f201db-ba6f-4ada-9332-31f553c5fc94","300000180010546","Supremo US Business Unit","A","SVC_HCM_PROD_CATALOG_USAGE","Service Application HCM Product Catalog Usage","The HCM Product Catalog to be used in the Service Application.","HRHELPDESK","Y","","JOHN.DUNBAR","83D05E4626D3018AE053C390DF0A258C","JOHN.DUNBAR","1","SVC_HCM_PROD_CATALOG_USAGE","10516","300000151617600","10516","300000151617600","SITE","SITE"
"001f41f6-d439-4a5b-ada8-e24e496d0b2f","300000046987012","US1 Business Unit","A","SVC_OUTBOUND_EMAIL_FROM","Service Application From Address for outbound e-mail","Specify the ""from address"" that should be used for outbound e-mail communications. This address will be used for acknowledgment e-mails, responses and e-mail forwards.","infusion-noreply@oraclepdemos.com","Y","","JOHN.DUNBAR","83D05E4626D3018AE053C390DF0A258C","JOHN.DUNBAR","1","SVC_OUTBOUND_EMAIL_FROM","10516","300000167789020","10516","300000167789020","SITE","SITE"
"978311ea-997d-443f-b5e8-3effc7c9c179","300000180010546","Supremo US Business Unit","A","SVC_SR_RESPONSE_TEMPLATE_NAME","Service Request Response Message E-Mail Template","Specify the e-mail template for Service Request Response messages.","","Y","","JOHN.DUNBAR","83D05E4626D3018AE053C390DF0A258C","JOHN.DUNBAR","1","SVC_SR_RESPONSE_TEMPLATE_NAME","10516","300000138152900","10516","300000138152900","SITE","SITE"
"2c42705e-4287-4d88-8b7c-9e79f63aac40","300000180010546","Supremo US Business Unit","A","SVC_SR_FORWARD_TEMPLATE_NAME","Service Request Forward Message E-Mail Template","Specify the e-mail template for Service Request Forward messages.","","Y","","JOHN.DUNBAR","83D05E4626D3018AE053C390DF0A258C","JOHN.DUNBAR","1","SVC_SR_FORWARD_TEMPLATE_NAME","10516","300000138152888","10516","300000138152888","SITE","SITE"
"6dbe25ea-27ac-4063-a20f-53e07d922ae1","300000180010546","Supremo US Business Unit","A","SVC_SR_SYSTEM_RESPONSE_TEMPLATE_NAME","Service Request System Response Message E-Mail Template","Specify the e-mail template for Service Request System Response messages.","","Y","","JOHN.DUNBAR","83D05E4626D3018AE053C390DF0A258C","JOHN.DUNBAR","1","SVC_SR_SYSTEM_RESPONSE_TEMPLATE_NAME","10516","300000151617648","10516","300000151617648","SITE","SITE"
"7348167d-5705-4d87-849e-8c9d3ea71c48","300000046987012","US1 Business Unit","A","SVC_SR_RESPONSE_TEMPLATE_NAME_HRD","Service Request Response Message E-Mail HRD Template","Specify the e-mail template for Service Request Response messages.","","Y","","john.martin","852AD2E70E85FA47E053C390DF0AB665","john.martin","1","SVC_SR_RESPONSE_TEMPLATE_NAME_HRD","10516","300000151617646","10516","300000151617646","SITE","SITE"
"b8f31564-ec80-488e-909b-93a7962e08b0","300000046987012","US1 Business Unit","A","SVC_SR_FORWARD_TEMPLATE_NAME_HRD","Service Request Forward Message E-Mail HRD Template","Specify the e-mail template for Service Request Forward messages.","","Y","","john.martin","852AD2E70E85FA47E053C390DF0AB665","john.martin","1","SVC_SR_FORWARD_TEMPLATE_NAME_HRD","10516","300000151617644","10516","300000151617644","SITE","SITE"
"6fc4605a-c32c-4c07-a276-adb5d27b138a","300000046987012","US1 Business Unit","A","SVC_SR_SYSTEM_RESPONSE_TEMPLATE_NAME_HRD","Service Request System Response Message E-Mail HRD Template","Specify the e-mail template for Service Request System Response messages.","","Y","","john.martin","852AD2E70E85FA47E053C390DF0AB665","john.martin","1","SVC_SR_SYSTEM_RESPONSE_TEMPLATE_NAME_HRD","10516","300000151617650","10516","300000151617650","SITE","SITE"
